-- MARKET_USER

INSERT INTO MARKET_USER(ID, MAIL, PASSWORD, NAME, SURNAME, LANGUAGE)
VALUES(1, 'simoneardesi@outlook.it', '693BA7866453F5BFCA063A70DD075A3C', 'Simone', 'Ardesi', 'IT');

INSERT INTO MARKET_USER(ID, MAIL, PASSWORD, NAME, SURNAME, LANGUAGE)
VALUES(2, 'silvia.cerri@regestaitalia.it', '2109861028185F21E7DD0B994B13C42E', 'Silvia', 'Cerri', 'IT');

INSERT INTO MARKET_USER(ID, MAIL, PASSWORD, NAME, SURNAME, LANGUAGE)
VALUES(3, 'market.user@regestaitalia.it', '6A482F18B0CA03EE2CCFBF080E35C883', 'Mario', 'Rossi', 'IT');


-- PRODUCT

INSERT INTO PRODUCT(ID, CODE, IMAGE)
VALUES(1, 'PR0M4781', NULL);

INSERT INTO PRODUCT(ID, CODE, IMAGE)
VALUES(2, 'PR0M4782', NULL);

INSERT INTO PRODUCT(ID, CODE, IMAGE)
VALUES(3, 'PR0M4783', NULL);

INSERT INTO PRODUCT(ID, CODE, IMAGE)
VALUES(4, 'PR0M4784', NULL);

INSERT INTO PRODUCT(ID, CODE, IMAGE)
VALUES(5, 'PR0M4785', NULL);

INSERT INTO PRODUCT(ID, CODE, IMAGE)
VALUES(6, 'PR0M4786', NULL);

INSERT INTO PRODUCT(ID, CODE, IMAGE)
VALUES(7, 'PR0M4787', NULL);

INSERT INTO PRODUCT(ID, CODE, IMAGE)
VALUES(8, 'PR0M4788', NULL);

INSERT INTO PRODUCT(ID, CODE, IMAGE)
VALUES(9, 'PR0M4789', NULL);

INSERT INTO PRODUCT(ID, CODE, IMAGE)
VALUES(10, 'PR0M4790', NULL);

INSERT INTO PRODUCT(ID, CODE, IMAGE)
VALUES(11, 'PR0M4791', NULL);

INSERT INTO PRODUCT(ID, CODE, IMAGE)
VALUES(12, 'PR0M4792', NULL);

INSERT INTO PRODUCT(ID, CODE, IMAGE)
VALUES(13, 'PR0M4793', NULL);

INSERT INTO PRODUCT(ID, CODE, IMAGE)
VALUES(14, 'PR0M4794', NULL);

INSERT INTO PRODUCT(ID, CODE, IMAGE)
VALUES(15, 'PR0M4795', NULL);

INSERT INTO PRODUCT(ID, CODE, IMAGE)
VALUES(16, 'PR0M4796', NULL);

INSERT INTO PRODUCT(ID, CODE, IMAGE)
VALUES(17, 'PR0M4797', NULL);

INSERT INTO PRODUCT(ID, CODE, IMAGE)
VALUES(18, 'PR0M4798', NULL);

INSERT INTO PRODUCT(ID, CODE, IMAGE)
VALUES(19, 'PR0M4799', NULL);

INSERT INTO PRODUCT(ID, CODE, IMAGE)
VALUES(20, 'PR0M4800', NULL);

INSERT INTO PRODUCT(ID, CODE, IMAGE)
VALUES(21, 'PR0M4801', NULL);

INSERT INTO PRODUCT(ID, CODE, IMAGE)
VALUES(22, 'PR0M4802', NULL);

INSERT INTO PRODUCT(ID, CODE, IMAGE)
VALUES(23, 'PR0M4803', NULL);

INSERT INTO PRODUCT(ID, CODE, IMAGE)
VALUES(24, 'PR0M4804', NULL);

INSERT INTO PRODUCT(ID, CODE, IMAGE)
VALUES(25, 'PR0M4805', NULL);

INSERT INTO PRODUCT(ID, CODE, IMAGE)
VALUES(26, 'PR0M4806', NULL);

INSERT INTO PRODUCT(ID, CODE, IMAGE)
VALUES(27, 'PR0M4807', NULL);

INSERT INTO PRODUCT(ID, CODE, IMAGE)
VALUES(28, 'PR0M4808', NULL);

INSERT INTO PRODUCT(ID, CODE, IMAGE)
VALUES(29, 'PR0M4809', NULL);

INSERT INTO PRODUCT(ID, CODE, IMAGE)
VALUES(30, 'PR0M4810', NULL);

INSERT INTO PRODUCT(ID, CODE, IMAGE)
VALUES(31, 'PR0M4811', NULL);

INSERT INTO PRODUCT(ID, CODE, IMAGE)
VALUES(32, 'PR0M4812', NULL);

INSERT INTO PRODUCT(ID, CODE, IMAGE)
VALUES(33, 'PR0M4813', NULL);

INSERT INTO PRODUCT(ID, CODE, IMAGE)
VALUES(34, 'PR0M4814', NULL);

INSERT INTO PRODUCT(ID, CODE, IMAGE)
VALUES(35, 'PR0M4815', NULL);

INSERT INTO PRODUCT(ID, CODE, IMAGE)
VALUES(36, 'PR0M4816', NULL);

INSERT INTO PRODUCT(ID, CODE, IMAGE)
VALUES(37, 'PR0M4817', NULL);

INSERT INTO PRODUCT(ID, CODE, IMAGE)
VALUES(38, 'PR0M4818', NULL);


-- PRODUCT_DICTIONARY

INSERT INTO PRODUCT_DICTIONARY(ID, PRODUCT_ID, NAME, DESCRIPTION, LANGUAGE) 
VALUES (1, 1,'Acer 4K Ultrasottile 14"','Lorem ipsum dolor sit amet, consectetur adipiscing elit, sed do eiusmod tempor incididunt ut labore et dolore magna aliqua. Ut enim ad minim veniam, quis nostrud exercitation ullamco laboris nisi ut aliquip ex ea commodo consequat. Duis aute irure dolor in reprehenderit in voluptate velit esse cillum dolore eu fugiat nulla pariatur.','IT');

INSERT INTO PRODUCT_DICTIONARY(ID, PRODUCT_ID, NAME, DESCRIPTION, LANGUAGE) 
VALUES (2, 2,'Asus 15GR 15"','Lorem ipsum dolor sit amet, consectetur adipiscing elit, sed do eiusmod tempor incididunt ut labore et dolore magna aliqua. Ut enim ad minim veniam, quis nostrud exercitation ullamco laboris nisi ut aliquip ex ea commodo consequat. Duis aute irure dolor in reprehenderit in voluptate velit esse cillum dolore eu fugiat nulla pariatur.','IT');

INSERT INTO PRODUCT_DICTIONARY(ID, PRODUCT_ID, NAME, DESCRIPTION, LANGUAGE) 
VALUES (3, 3,'Asus 17GR 17"','Lorem ipsum dolor sit amet, consectetur adipiscing elit, sed do eiusmod tempor incididunt ut labore et dolore magna aliqua. Ut enim ad minim veniam, quis nostrud exercitation ullamco laboris nisi ut aliquip ex ea commodo consequat. Duis aute irure dolor in reprehenderit in voluptate velit esse cillum dolore eu fugiat nulla pariatur.','IT');

INSERT INTO PRODUCT_DICTIONARY(ID, PRODUCT_ID, NAME, DESCRIPTION, LANGUAGE) 
VALUES (4, 4,'Asus 22GR 22"','Lorem ipsum dolor sit amet, consectetur adipiscing elit, sed do eiusmod tempor incididunt ut labore et dolore magna aliqua. Ut enim ad minim veniam, quis nostrud exercitation ullamco laboris nisi ut aliquip ex ea commodo consequat. Duis aute irure dolor in reprehenderit in voluptate velit esse cillum dolore eu fugiat nulla pariatur.','IT');

INSERT INTO PRODUCT_DICTIONARY(ID, PRODUCT_ID, NAME, DESCRIPTION, LANGUAGE) 
VALUES (5, 5,'Tastiera HP KB5D','Lorem ipsum dolor sit amet, consectetur adipiscing elit, sed do eiusmod tempor incididunt ut labore et dolore magna aliqua. Ut enim ad minim veniam, quis nostrud exercitation ullamco laboris nisi ut aliquip ex ea commodo consequat. Duis aute irure dolor in reprehenderit in voluptate velit esse cillum dolore eu fugiat nulla pariatur.','IT');

INSERT INTO PRODUCT_DICTIONARY(ID, PRODUCT_ID, NAME, DESCRIPTION, LANGUAGE) 
VALUES (6, 6,'Tastiera HP KB7S','Lorem ipsum dolor sit amet, consectetur adipiscing elit, sed do eiusmod tempor incididunt ut labore et dolore magna aliqua. Ut enim ad minim veniam, quis nostrud exercitation ullamco laboris nisi ut aliquip ex ea commodo consequat. Duis aute irure dolor in reprehenderit in voluptate velit esse cillum dolore eu fugiat nulla pariatur.','IT');

INSERT INTO PRODUCT_DICTIONARY(ID, PRODUCT_ID, NAME, DESCRIPTION, LANGUAGE) 
VALUES (7, 7,'Tastiera Asus KB78','Lorem ipsum dolor sit amet, consectetur adipiscing elit, sed do eiusmod tempor incididunt ut labore et dolore magna aliqua. Ut enim ad minim veniam, quis nostrud exercitation ullamco laboris nisi ut aliquip ex ea commodo consequat. Duis aute irure dolor in reprehenderit in voluptate velit esse cillum dolore eu fugiat nulla pariatur.','IT');

INSERT INTO PRODUCT_DICTIONARY(ID, PRODUCT_ID, NAME, DESCRIPTION, LANGUAGE) 
VALUES (8, 8,'Tastiera Asus KB42','Lorem ipsum dolor sit amet, consectetur adipiscing elit, sed do eiusmod tempor incididunt ut labore et dolore magna aliqua. Ut enim ad minim veniam, quis nostrud exercitation ullamco laboris nisi ut aliquip ex ea commodo consequat. Duis aute irure dolor in reprehenderit in voluptate velit esse cillum dolore eu fugiat nulla pariatur.','IT');

INSERT INTO PRODUCT_DICTIONARY(ID, PRODUCT_ID, NAME, DESCRIPTION, LANGUAGE) 
VALUES (9, 9,'Mouse Logitec M1','Lorem ipsum dolor sit amet, consectetur adipiscing elit, sed do eiusmod tempor incididunt ut labore et dolore magna aliqua. Ut enim ad minim veniam, quis nostrud exercitation ullamco laboris nisi ut aliquip ex ea commodo consequat. Duis aute irure dolor in reprehenderit in voluptate velit esse cillum dolore eu fugiat nulla pariatur.','IT');

INSERT INTO PRODUCT_DICTIONARY(ID, PRODUCT_ID, NAME, DESCRIPTION, LANGUAGE) 
VALUES (10, 10,'Mouse Logitec M2','Lorem ipsum dolor sit amet, consectetur adipiscing elit, sed do eiusmod tempor incididunt ut labore et dolore magna aliqua. Ut enim ad minim veniam, quis nostrud exercitation ullamco laboris nisi ut aliquip ex ea commodo consequat. Duis aute irure dolor in reprehenderit in voluptate velit esse cillum dolore eu fugiat nulla pariatur.','IT');

INSERT INTO PRODUCT_DICTIONARY(ID, PRODUCT_ID, NAME, DESCRIPTION, LANGUAGE) 
VALUES (11, 11,'Mouse Ergonomico M3','Lorem ipsum dolor sit amet, consectetur adipiscing elit, sed do eiusmod tempor incididunt ut labore et dolore magna aliqua. Ut enim ad minim veniam, quis nostrud exercitation ullamco laboris nisi ut aliquip ex ea commodo consequat. Duis aute irure dolor in reprehenderit in voluptate velit esse cillum dolore eu fugiat nulla pariatur.','IT');

INSERT INTO PRODUCT_DICTIONARY(ID, PRODUCT_ID, NAME, DESCRIPTION, LANGUAGE) 
VALUES (12, 12,'Laptop HP LP12','Lorem ipsum dolor sit amet, consectetur adipiscing elit, sed do eiusmod tempor incididunt ut labore et dolore magna aliqua. Ut enim ad minim veniam, quis nostrud exercitation ullamco laboris nisi ut aliquip ex ea commodo consequat. Duis aute irure dolor in reprehenderit in voluptate velit esse cillum dolore eu fugiat nulla pariatur.','IT');

INSERT INTO PRODUCT_DICTIONARY(ID, PRODUCT_ID, NAME, DESCRIPTION, LANGUAGE) 
VALUES (13, 13,'Laptop HP LP13','Lorem ipsum dolor sit amet, consectetur adipiscing elit, sed do eiusmod tempor incididunt ut labore et dolore magna aliqua. Ut enim ad minim veniam, quis nostrud exercitation ullamco laboris nisi ut aliquip ex ea commodo consequat. Duis aute irure dolor in reprehenderit in voluptate velit esse cillum dolore eu fugiat nulla pariatur.','IT');

INSERT INTO PRODUCT_DICTIONARY(ID, PRODUCT_ID, NAME, DESCRIPTION, LANGUAGE) 
VALUES (14, 14,'Laptop HP LP14','Lorem ipsum dolor sit amet, consectetur adipiscing elit, sed do eiusmod tempor incididunt ut labore et dolore magna aliqua. Ut enim ad minim veniam, quis nostrud exercitation ullamco laboris nisi ut aliquip ex ea commodo consequat. Duis aute irure dolor in reprehenderit in voluptate velit esse cillum dolore eu fugiat nulla pariatur.','IT');

INSERT INTO PRODUCT_DICTIONARY(ID, PRODUCT_ID, NAME, DESCRIPTION, LANGUAGE) 
VALUES (15, 15,'Laptop HP LP15','Lorem ipsum dolor sit amet, consectetur adipiscing elit, sed do eiusmod tempor incididunt ut labore et dolore magna aliqua. Ut enim ad minim veniam, quis nostrud exercitation ullamco laboris nisi ut aliquip ex ea commodo consequat. Duis aute irure dolor in reprehenderit in voluptate velit esse cillum dolore eu fugiat nulla pariatur.','IT');

INSERT INTO PRODUCT_DICTIONARY(ID, PRODUCT_ID, NAME, DESCRIPTION, LANGUAGE) 
VALUES (16, 16,'Laptop Lenovo LP16','Lorem ipsum dolor sit amet, consectetur adipiscing elit, sed do eiusmod tempor incididunt ut labore et dolore magna aliqua. Ut enim ad minim veniam, quis nostrud exercitation ullamco laboris nisi ut aliquip ex ea commodo consequat. Duis aute irure dolor in reprehenderit in voluptate velit esse cillum dolore eu fugiat nulla pariatur.','IT');

INSERT INTO PRODUCT_DICTIONARY(ID, PRODUCT_ID, NAME, DESCRIPTION, LANGUAGE) 
VALUES (17, 17,'Laptop Lenovo LP17','Lorem ipsum dolor sit amet, consectetur adipiscing elit, sed do eiusmod tempor incididunt ut labore et dolore magna aliqua. Ut enim ad minim veniam, quis nostrud exercitation ullamco laboris nisi ut aliquip ex ea commodo consequat. Duis aute irure dolor in reprehenderit in voluptate velit esse cillum dolore eu fugiat nulla pariatur.','IT');

INSERT INTO PRODUCT_DICTIONARY(ID, PRODUCT_ID, NAME, DESCRIPTION, LANGUAGE) 
VALUES (18, 18,'Laptop Lenovo LP18','Lorem ipsum dolor sit amet, consectetur adipiscing elit, sed do eiusmod tempor incididunt ut labore et dolore magna aliqua. Ut enim ad minim veniam, quis nostrud exercitation ullamco laboris nisi ut aliquip ex ea commodo consequat. Duis aute irure dolor in reprehenderit in voluptate velit esse cillum dolore eu fugiat nulla pariatur.','IT');

INSERT INTO PRODUCT_DICTIONARY(ID, PRODUCT_ID, NAME, DESCRIPTION, LANGUAGE) 
VALUES (19, 19,'Laptop Lenovo LP19','Lorem ipsum dolor sit amet, consectetur adipiscing elit, sed do eiusmod tempor incididunt ut labore et dolore magna aliqua. Ut enim ad minim veniam, quis nostrud exercitation ullamco laboris nisi ut aliquip ex ea commodo consequat. Duis aute irure dolor in reprehenderit in voluptate velit esse cillum dolore eu fugiat nulla pariatur.','IT');

INSERT INTO PRODUCT_DICTIONARY(ID, PRODUCT_ID, NAME, DESCRIPTION, LANGUAGE) 
VALUES (20, 20,'Laptop Lenovo LP20','Lorem ipsum dolor sit amet, consectetur adipiscing elit, sed do eiusmod tempor incididunt ut labore et dolore magna aliqua. Ut enim ad minim veniam, quis nostrud exercitation ullamco laboris nisi ut aliquip ex ea commodo consequat. Duis aute irure dolor in reprehenderit in voluptate velit esse cillum dolore eu fugiat nulla pariatur.','IT');

INSERT INTO PRODUCT_DICTIONARY(ID, PRODUCT_ID, NAME, DESCRIPTION, LANGUAGE) 
VALUES (21, 21,'Laptop Lenovo LP21','Lorem ipsum dolor sit amet, consectetur adipiscing elit, sed do eiusmod tempor incididunt ut labore et dolore magna aliqua. Ut enim ad minim veniam, quis nostrud exercitation ullamco laboris nisi ut aliquip ex ea commodo consequat. Duis aute irure dolor in reprehenderit in voluptate velit esse cillum dolore eu fugiat nulla pariatur.','IT');

INSERT INTO PRODUCT_DICTIONARY(ID, PRODUCT_ID, NAME, DESCRIPTION, LANGUAGE) 
VALUES (22, 22,'LG MR12 12"','Lorem ipsum dolor sit amet, consectetur adipiscing elit, sed do eiusmod tempor incididunt ut labore et dolore magna aliqua. Ut enim ad minim veniam, quis nostrud exercitation ullamco laboris nisi ut aliquip ex ea commodo consequat. Duis aute irure dolor in reprehenderit in voluptate velit esse cillum dolore eu fugiat nulla pariatur.','IT');

INSERT INTO PRODUCT_DICTIONARY(ID, PRODUCT_ID, NAME, DESCRIPTION, LANGUAGE) 
VALUES (23, 23,'LG MR15 15"','Lorem ipsum dolor sit amet, consectetur adipiscing elit, sed do eiusmod tempor incididunt ut labore et dolore magna aliqua. Ut enim ad minim veniam, quis nostrud exercitation ullamco laboris nisi ut aliquip ex ea commodo consequat. Duis aute irure dolor in reprehenderit in voluptate velit esse cillum dolore eu fugiat nulla pariatur.','IT');

INSERT INTO PRODUCT_DICTIONARY(ID, PRODUCT_ID, NAME, DESCRIPTION, LANGUAGE) 
VALUES (24, 24,'LG MR17 17"','Lorem ipsum dolor sit amet, consectetur adipiscing elit, sed do eiusmod tempor incididunt ut labore et dolore magna aliqua. Ut enim ad minim veniam, quis nostrud exercitation ullamco laboris nisi ut aliquip ex ea commodo consequat. Duis aute irure dolor in reprehenderit in voluptate velit esse cillum dolore eu fugiat nulla pariatur.','IT');

INSERT INTO PRODUCT_DICTIONARY(ID, PRODUCT_ID, NAME, DESCRIPTION, LANGUAGE) 
VALUES (25, 25,'LG MR22 22"','Lorem ipsum dolor sit amet, consectetur adipiscing elit, sed do eiusmod tempor incididunt ut labore et dolore magna aliqua. Ut enim ad minim veniam, quis nostrud exercitation ullamco laboris nisi ut aliquip ex ea commodo consequat. Duis aute irure dolor in reprehenderit in voluptate velit esse cillum dolore eu fugiat nulla pariatur.','IT');

INSERT INTO PRODUCT_DICTIONARY(ID, PRODUCT_ID, NAME, DESCRIPTION, LANGUAGE) 
VALUES (26, 26,'Monitor Portatile 12"','Lorem ipsum dolor sit amet, consectetur adipiscing elit, sed do eiusmod tempor incididunt ut labore et dolore magna aliqua. Ut enim ad minim veniam, quis nostrud exercitation ullamco laboris nisi ut aliquip ex ea commodo consequat. Duis aute irure dolor in reprehenderit in voluptate velit esse cillum dolore eu fugiat nulla pariatur.','IT');

INSERT INTO PRODUCT_DICTIONARY(ID, PRODUCT_ID, NAME, DESCRIPTION, LANGUAGE) 
VALUES (27, 27,'Monitor Portatile 15"','Lorem ipsum dolor sit amet, consectetur adipiscing elit, sed do eiusmod tempor incididunt ut labore et dolore magna aliqua. Ut enim ad minim veniam, quis nostrud exercitation ullamco laboris nisi ut aliquip ex ea commodo consequat. Duis aute irure dolor in reprehenderit in voluptate velit esse cillum dolore eu fugiat nulla pariatur.','IT');

INSERT INTO PRODUCT_DICTIONARY(ID, PRODUCT_ID, NAME, DESCRIPTION, LANGUAGE) 
VALUES (28, 28,'MSI Schermo Piatto 22"','Lorem ipsum dolor sit amet, consectetur adipiscing elit, sed do eiusmod tempor incididunt ut labore et dolore magna aliqua. Ut enim ad minim veniam, quis nostrud exercitation ullamco laboris nisi ut aliquip ex ea commodo consequat. Duis aute irure dolor in reprehenderit in voluptate velit esse cillum dolore eu fugiat nulla pariatur.','IT');

INSERT INTO PRODUCT_DICTIONARY(ID, PRODUCT_ID, NAME, DESCRIPTION, LANGUAGE) 
VALUES (29, 29,'MSI Schermo Piatto 24"','Lorem ipsum dolor sit amet, consectetur adipiscing elit, sed do eiusmod tempor incididunt ut labore et dolore magna aliqua. Ut enim ad minim veniam, quis nostrud exercitation ullamco laboris nisi ut aliquip ex ea commodo consequat. Duis aute irure dolor in reprehenderit in voluptate velit esse cillum dolore eu fugiat nulla pariatur.','IT');

INSERT INTO PRODUCT_DICTIONARY(ID, PRODUCT_ID, NAME, DESCRIPTION, LANGUAGE) 
VALUES (30, 30,'MSI Schermo Piatto 27"','Lorem ipsum dolor sit amet, consectetur adipiscing elit, sed do eiusmod tempor incididunt ut labore et dolore magna aliqua. Ut enim ad minim veniam, quis nostrud exercitation ullamco laboris nisi ut aliquip ex ea commodo consequat. Duis aute irure dolor in reprehenderit in voluptate velit esse cillum dolore eu fugiat nulla pariatur.','IT');

INSERT INTO PRODUCT_DICTIONARY(ID, PRODUCT_ID, NAME, DESCRIPTION, LANGUAGE) 
VALUES (31, 31,'Acer Monitor 14 pollici','Lorem ipsum dolor sit amet, consectetur adipiscing elit, sed do eiusmod tempor incididunt ut labore et dolore magna aliqua. Ut enim ad minim veniam, quis nostrud exercitation ullamco laboris nisi ut aliquip ex ea commodo consequat. Duis aute irure dolor in reprehenderit in voluptate velit esse cillum dolore eu fugiat nulla pariatur.','IT');

INSERT INTO PRODUCT_DICTIONARY(ID, PRODUCT_ID, NAME, DESCRIPTION, LANGUAGE) 
VALUES (32, 32,'Acer Monitor 15 pollici','Lorem ipsum dolor sit amet, consectetur adipiscing elit, sed do eiusmod tempor incididunt ut labore et dolore magna aliqua. Ut enim ad minim veniam, quis nostrud exercitation ullamco laboris nisi ut aliquip ex ea commodo consequat. Duis aute irure dolor in reprehenderit in voluptate velit esse cillum dolore eu fugiat nulla pariatur.','IT');

INSERT INTO PRODUCT_DICTIONARY(ID, PRODUCT_ID, NAME, DESCRIPTION, LANGUAGE) 
VALUES (33, 33,'Acer Ultrasottile 15"','Lorem ipsum dolor sit amet, consectetur adipiscing elit, sed do eiusmod tempor incididunt ut labore et dolore magna aliqua. Ut enim ad minim veniam, quis nostrud exercitation ullamco laboris nisi ut aliquip ex ea commodo consequat. Duis aute irure dolor in reprehenderit in voluptate velit esse cillum dolore eu fugiat nulla pariatur.','IT');

INSERT INTO PRODUCT_DICTIONARY(ID, PRODUCT_ID, NAME, DESCRIPTION, LANGUAGE) 
VALUES (34, 34,'Acer Ultrasottile 17"','Lorem ipsum dolor sit amet, consectetur adipiscing elit, sed do eiusmod tempor incididunt ut labore et dolore magna aliqua. Ut enim ad minim veniam, quis nostrud exercitation ullamco laboris nisi ut aliquip ex ea commodo consequat. Duis aute irure dolor in reprehenderit in voluptate velit esse cillum dolore eu fugiat nulla pariatur.','IT');

INSERT INTO PRODUCT_DICTIONARY(ID, PRODUCT_ID, NAME, DESCRIPTION, LANGUAGE) 
VALUES (35, 35,'Philips 27 Pollici','Lorem ipsum dolor sit amet, consectetur adipiscing elit, sed do eiusmod tempor incididunt ut labore et dolore magna aliqua. Ut enim ad minim veniam, quis nostrud exercitation ullamco laboris nisi ut aliquip ex ea commodo consequat. Duis aute irure dolor in reprehenderit in voluptate velit esse cillum dolore eu fugiat nulla pariatur.','IT');

INSERT INTO PRODUCT_DICTIONARY(ID, PRODUCT_ID, NAME, DESCRIPTION, LANGUAGE) 
VALUES (36, 36,'Philips 29 Pollici','Lorem ipsum dolor sit amet, consectetur adipiscing elit, sed do eiusmod tempor incididunt ut labore et dolore magna aliqua. Ut enim ad minim veniam, quis nostrud exercitation ullamco laboris nisi ut aliquip ex ea commodo consequat. Duis aute irure dolor in reprehenderit in voluptate velit esse cillum dolore eu fugiat nulla pariatur.','IT');

INSERT INTO PRODUCT_DICTIONARY(ID, PRODUCT_ID, NAME, DESCRIPTION, LANGUAGE) 
VALUES (37, 37,'Philips 32 Pollici','Lorem ipsum dolor sit amet, consectetur adipiscing elit, sed do eiusmod tempor incididunt ut labore et dolore magna aliqua. Ut enim ad minim veniam, quis nostrud exercitation ullamco laboris nisi ut aliquip ex ea commodo consequat. Duis aute irure dolor in reprehenderit in voluptate velit esse cillum dolore eu fugiat nulla pariatur.','IT');

INSERT INTO PRODUCT_DICTIONARY(ID, PRODUCT_ID, NAME, DESCRIPTION, LANGUAGE) 
VALUES (38, 38,'Philips 38 Pollici','Lorem ipsum dolor sit amet, consectetur adipiscing elit, sed do eiusmod tempor incididunt ut labore et dolore magna aliqua. Ut enim ad minim veniam, quis nostrud exercitation ullamco laboris nisi ut aliquip ex ea commodo consequat. Duis aute irure dolor in reprehenderit in voluptate velit esse cillum dolore eu fugiat nulla pariatur.','IT');


INSERT INTO PRODUCT_DICTIONARY(ID, PRODUCT_ID, NAME, DESCRIPTION, LANGUAGE) 
VALUES (39, 1,'Acer 4K Ultrathin 14"','Sed ut perspiciatis unde omnis iste natus error sit voluptatem accusantium doloremque laudantium, totam rem aperiam, eaque ipsa quae ab illo inventore veritatis et quasi architecto beatae vitae dicta sunt explicabo. Nemo enim ipsam voluptatem quia voluptas sit aspernatur aut odit aut fugit, sed quia consequuntur magni dolores eos qui ratione voluptatem sequi nesciunt.','EN');

INSERT INTO PRODUCT_DICTIONARY(ID, PRODUCT_ID, NAME, DESCRIPTION, LANGUAGE) 
VALUES (40, 2,'Asus 15GR 15"','Sed ut perspiciatis unde omnis iste natus error sit voluptatem accusantium doloremque laudantium, totam rem aperiam, eaque ipsa quae ab illo inventore veritatis et quasi architecto beatae vitae dicta sunt explicabo. Nemo enim ipsam voluptatem quia voluptas sit aspernatur aut odit aut fugit, sed quia consequuntur magni dolores eos qui ratione voluptatem sequi nesciunt.','EN');

INSERT INTO PRODUCT_DICTIONARY(ID, PRODUCT_ID, NAME, DESCRIPTION, LANGUAGE) 
VALUES (41, 3,'Asus 17GR 17"','Sed ut perspiciatis unde omnis iste natus error sit voluptatem accusantium doloremque laudantium, totam rem aperiam, eaque ipsa quae ab illo inventore veritatis et quasi architecto beatae vitae dicta sunt explicabo. Nemo enim ipsam voluptatem quia voluptas sit aspernatur aut odit aut fugit, sed quia consequuntur magni dolores eos qui ratione voluptatem sequi nesciunt.','EN');

INSERT INTO PRODUCT_DICTIONARY(ID, PRODUCT_ID, NAME, DESCRIPTION, LANGUAGE) 
VALUES (42, 4,'Asus 22GR 22"','Sed ut perspiciatis unde omnis iste natus error sit voluptatem accusantium doloremque laudantium, totam rem aperiam, eaque ipsa quae ab illo inventore veritatis et quasi architecto beatae vitae dicta sunt explicabo. Nemo enim ipsam voluptatem quia voluptas sit aspernatur aut odit aut fugit, sed quia consequuntur magni dolores eos qui ratione voluptatem sequi nesciunt.','EN');

INSERT INTO PRODUCT_DICTIONARY(ID, PRODUCT_ID, NAME, DESCRIPTION, LANGUAGE) 
VALUES (43, 5,'HP Keyboard KB5D','Sed ut perspiciatis unde omnis iste natus error sit voluptatem accusantium doloremque laudantium, totam rem aperiam, eaque ipsa quae ab illo inventore veritatis et quasi architecto beatae vitae dicta sunt explicabo. Nemo enim ipsam voluptatem quia voluptas sit aspernatur aut odit aut fugit, sed quia consequuntur magni dolores eos qui ratione voluptatem sequi nesciunt.','EN');

INSERT INTO PRODUCT_DICTIONARY(ID, PRODUCT_ID, NAME, DESCRIPTION, LANGUAGE) 
VALUES (44, 6,'HP Keyboard KB7S','Sed ut perspiciatis unde omnis iste natus error sit voluptatem accusantium doloremque laudantium, totam rem aperiam, eaque ipsa quae ab illo inventore veritatis et quasi architecto beatae vitae dicta sunt explicabo. Nemo enim ipsam voluptatem quia voluptas sit aspernatur aut odit aut fugit, sed quia consequuntur magni dolores eos qui ratione voluptatem sequi nesciunt.','EN');

INSERT INTO PRODUCT_DICTIONARY(ID, PRODUCT_ID, NAME, DESCRIPTION, LANGUAGE) 
VALUES (45, 7,'Asus Keyboard KB78','Sed ut perspiciatis unde omnis iste natus error sit voluptatem accusantium doloremque laudantium, totam rem aperiam, eaque ipsa quae ab illo inventore veritatis et quasi architecto beatae vitae dicta sunt explicabo. Nemo enim ipsam voluptatem quia voluptas sit aspernatur aut odit aut fugit, sed quia consequuntur magni dolores eos qui ratione voluptatem sequi nesciunt.','EN');

INSERT INTO PRODUCT_DICTIONARY(ID, PRODUCT_ID, NAME, DESCRIPTION, LANGUAGE) 
VALUES (46, 8,'Asus Keyboard KB42','Sed ut perspiciatis unde omnis iste natus error sit voluptatem accusantium doloremque laudantium, totam rem aperiam, eaque ipsa quae ab illo inventore veritatis et quasi architecto beatae vitae dicta sunt explicabo. Nemo enim ipsam voluptatem quia voluptas sit aspernatur aut odit aut fugit, sed quia consequuntur magni dolores eos qui ratione voluptatem sequi nesciunt.','EN');

INSERT INTO PRODUCT_DICTIONARY(ID, PRODUCT_ID, NAME, DESCRIPTION, LANGUAGE) 
VALUES (47, 9,'Mouse Logitec M1','Sed ut perspiciatis unde omnis iste natus error sit voluptatem accusantium doloremque laudantium, totam rem aperiam, eaque ipsa quae ab illo inventore veritatis et quasi architecto beatae vitae dicta sunt explicabo. Nemo enim ipsam voluptatem quia voluptas sit aspernatur aut odit aut fugit, sed quia consequuntur magni dolores eos qui ratione voluptatem sequi nesciunt.','EN');

INSERT INTO PRODUCT_DICTIONARY(ID, PRODUCT_ID, NAME, DESCRIPTION, LANGUAGE) 
VALUES (48, 10,'Mouse Logitec M2','Sed ut perspiciatis unde omnis iste natus error sit voluptatem accusantium doloremque laudantium, totam rem aperiam, eaque ipsa quae ab illo inventore veritatis et quasi architecto beatae vitae dicta sunt explicabo. Nemo enim ipsam voluptatem quia voluptas sit aspernatur aut odit aut fugit, sed quia consequuntur magni dolores eos qui ratione voluptatem sequi nesciunt.','EN');

INSERT INTO PRODUCT_DICTIONARY(ID, PRODUCT_ID, NAME, DESCRIPTION, LANGUAGE) 
VALUES (49, 11,'Ergonomic Mouse M3','Sed ut perspiciatis unde omnis iste natus error sit voluptatem accusantium doloremque laudantium, totam rem aperiam, eaque ipsa quae ab illo inventore veritatis et quasi architecto beatae vitae dicta sunt explicabo. Nemo enim ipsam voluptatem quia voluptas sit aspernatur aut odit aut fugit, sed quia consequuntur magni dolores eos qui ratione voluptatem sequi nesciunt.','EN');

INSERT INTO PRODUCT_DICTIONARY(ID, PRODUCT_ID, NAME, DESCRIPTION, LANGUAGE) 
VALUES (50, 12,'Laptop HP LP12','Sed ut perspiciatis unde omnis iste natus error sit voluptatem accusantium doloremque laudantium, totam rem aperiam, eaque ipsa quae ab illo inventore veritatis et quasi architecto beatae vitae dicta sunt explicabo. Nemo enim ipsam voluptatem quia voluptas sit aspernatur aut odit aut fugit, sed quia consequuntur magni dolores eos qui ratione voluptatem sequi nesciunt.','EN');

INSERT INTO PRODUCT_DICTIONARY(ID, PRODUCT_ID, NAME, DESCRIPTION, LANGUAGE) 
VALUES (51, 13,'Laptop HP LP13','Sed ut perspiciatis unde omnis iste natus error sit voluptatem accusantium doloremque laudantium, totam rem aperiam, eaque ipsa quae ab illo inventore veritatis et quasi architecto beatae vitae dicta sunt explicabo. Nemo enim ipsam voluptatem quia voluptas sit aspernatur aut odit aut fugit, sed quia consequuntur magni dolores eos qui ratione voluptatem sequi nesciunt.','EN');

INSERT INTO PRODUCT_DICTIONARY(ID, PRODUCT_ID, NAME, DESCRIPTION, LANGUAGE) 
VALUES (52, 14,'Laptop HP LP14','Sed ut perspiciatis unde omnis iste natus error sit voluptatem accusantium doloremque laudantium, totam rem aperiam, eaque ipsa quae ab illo inventore veritatis et quasi architecto beatae vitae dicta sunt explicabo. Nemo enim ipsam voluptatem quia voluptas sit aspernatur aut odit aut fugit, sed quia consequuntur magni dolores eos qui ratione voluptatem sequi nesciunt.','EN');

INSERT INTO PRODUCT_DICTIONARY(ID, PRODUCT_ID, NAME, DESCRIPTION, LANGUAGE) 
VALUES (53, 15,'Laptop HP LP15','Sed ut perspiciatis unde omnis iste natus error sit voluptatem accusantium doloremque laudantium, totam rem aperiam, eaque ipsa quae ab illo inventore veritatis et quasi architecto beatae vitae dicta sunt explicabo. Nemo enim ipsam voluptatem quia voluptas sit aspernatur aut odit aut fugit, sed quia consequuntur magni dolores eos qui ratione voluptatem sequi nesciunt.','EN');

INSERT INTO PRODUCT_DICTIONARY(ID, PRODUCT_ID, NAME, DESCRIPTION, LANGUAGE) 
VALUES (54, 16,'Laptop Lenovo LP16','Sed ut perspiciatis unde omnis iste natus error sit voluptatem accusantium doloremque laudantium, totam rem aperiam, eaque ipsa quae ab illo inventore veritatis et quasi architecto beatae vitae dicta sunt explicabo. Nemo enim ipsam voluptatem quia voluptas sit aspernatur aut odit aut fugit, sed quia consequuntur magni dolores eos qui ratione voluptatem sequi nesciunt.','EN');

INSERT INTO PRODUCT_DICTIONARY(ID, PRODUCT_ID, NAME, DESCRIPTION, LANGUAGE) 
VALUES (55, 17,'Laptop Lenovo LP17','Sed ut perspiciatis unde omnis iste natus error sit voluptatem accusantium doloremque laudantium, totam rem aperiam, eaque ipsa quae ab illo inventore veritatis et quasi architecto beatae vitae dicta sunt explicabo. Nemo enim ipsam voluptatem quia voluptas sit aspernatur aut odit aut fugit, sed quia consequuntur magni dolores eos qui ratione voluptatem sequi nesciunt.','EN');

INSERT INTO PRODUCT_DICTIONARY(ID, PRODUCT_ID, NAME, DESCRIPTION, LANGUAGE) 
VALUES (56, 18,'Laptop Lenovo LP18','Sed ut perspiciatis unde omnis iste natus error sit voluptatem accusantium doloremque laudantium, totam rem aperiam, eaque ipsa quae ab illo inventore veritatis et quasi architecto beatae vitae dicta sunt explicabo. Nemo enim ipsam voluptatem quia voluptas sit aspernatur aut odit aut fugit, sed quia consequuntur magni dolores eos qui ratione voluptatem sequi nesciunt.','EN');

INSERT INTO PRODUCT_DICTIONARY(ID, PRODUCT_ID, NAME, DESCRIPTION, LANGUAGE) 
VALUES (57, 19,'Laptop Lenovo LP19','Sed ut perspiciatis unde omnis iste natus error sit voluptatem accusantium doloremque laudantium, totam rem aperiam, eaque ipsa quae ab illo inventore veritatis et quasi architecto beatae vitae dicta sunt explicabo. Nemo enim ipsam voluptatem quia voluptas sit aspernatur aut odit aut fugit, sed quia consequuntur magni dolores eos qui ratione voluptatem sequi nesciunt.','EN');

INSERT INTO PRODUCT_DICTIONARY(ID, PRODUCT_ID, NAME, DESCRIPTION, LANGUAGE) 
VALUES (58, 20,'Laptop Lenovo LP20','Sed ut perspiciatis unde omnis iste natus error sit voluptatem accusantium doloremque laudantium, totam rem aperiam, eaque ipsa quae ab illo inventore veritatis et quasi architecto beatae vitae dicta sunt explicabo. Nemo enim ipsam voluptatem quia voluptas sit aspernatur aut odit aut fugit, sed quia consequuntur magni dolores eos qui ratione voluptatem sequi nesciunt.','EN');

INSERT INTO PRODUCT_DICTIONARY(ID, PRODUCT_ID, NAME, DESCRIPTION, LANGUAGE) 
VALUES (59, 21,'Laptop Lenovo LP21','Sed ut perspiciatis unde omnis iste natus error sit voluptatem accusantium doloremque laudantium, totam rem aperiam, eaque ipsa quae ab illo inventore veritatis et quasi architecto beatae vitae dicta sunt explicabo. Nemo enim ipsam voluptatem quia voluptas sit aspernatur aut odit aut fugit, sed quia consequuntur magni dolores eos qui ratione voluptatem sequi nesciunt.','EN');

INSERT INTO PRODUCT_DICTIONARY(ID, PRODUCT_ID, NAME, DESCRIPTION, LANGUAGE) 
VALUES (60, 22,'LG MR12 12"','Sed ut perspiciatis unde omnis iste natus error sit voluptatem accusantium doloremque laudantium, totam rem aperiam, eaque ipsa quae ab illo inventore veritatis et quasi architecto beatae vitae dicta sunt explicabo. Nemo enim ipsam voluptatem quia voluptas sit aspernatur aut odit aut fugit, sed quia consequuntur magni dolores eos qui ratione voluptatem sequi nesciunt.','EN');

INSERT INTO PRODUCT_DICTIONARY(ID, PRODUCT_ID, NAME, DESCRIPTION, LANGUAGE) 
VALUES (61, 23,'LG MR15 15"','Sed ut perspiciatis unde omnis iste natus error sit voluptatem accusantium doloremque laudantium, totam rem aperiam, eaque ipsa quae ab illo inventore veritatis et quasi architecto beatae vitae dicta sunt explicabo. Nemo enim ipsam voluptatem quia voluptas sit aspernatur aut odit aut fugit, sed quia consequuntur magni dolores eos qui ratione voluptatem sequi nesciunt.','EN');

INSERT INTO PRODUCT_DICTIONARY(ID, PRODUCT_ID, NAME, DESCRIPTION, LANGUAGE) 
VALUES (62, 24,'LG MR17 17"','Sed ut perspiciatis unde omnis iste natus error sit voluptatem accusantium doloremque laudantium, totam rem aperiam, eaque ipsa quae ab illo inventore veritatis et quasi architecto beatae vitae dicta sunt explicabo. Nemo enim ipsam voluptatem quia voluptas sit aspernatur aut odit aut fugit, sed quia consequuntur magni dolores eos qui ratione voluptatem sequi nesciunt.','EN');

INSERT INTO PRODUCT_DICTIONARY(ID, PRODUCT_ID, NAME, DESCRIPTION, LANGUAGE) 
VALUES (63, 25,'LG MR22 22"','Sed ut perspiciatis unde omnis iste natus error sit voluptatem accusantium doloremque laudantium, totam rem aperiam, eaque ipsa quae ab illo inventore veritatis et quasi architecto beatae vitae dicta sunt explicabo. Nemo enim ipsam voluptatem quia voluptas sit aspernatur aut odit aut fugit, sed quia consequuntur magni dolores eos qui ratione voluptatem sequi nesciunt.','EN');

INSERT INTO PRODUCT_DICTIONARY(ID, PRODUCT_ID, NAME, DESCRIPTION, LANGUAGE) 
VALUES (64, 26,'Detachable Monitor 12"','Sed ut perspiciatis unde omnis iste natus error sit voluptatem accusantium doloremque laudantium, totam rem aperiam, eaque ipsa quae ab illo inventore veritatis et quasi architecto beatae vitae dicta sunt explicabo. Nemo enim ipsam voluptatem quia voluptas sit aspernatur aut odit aut fugit, sed quia consequuntur magni dolores eos qui ratione voluptatem sequi nesciunt.','EN');

INSERT INTO PRODUCT_DICTIONARY(ID, PRODUCT_ID, NAME, DESCRIPTION, LANGUAGE) 
VALUES (65, 27,'Detachable Monitor 15"','Sed ut perspiciatis unde omnis iste natus error sit voluptatem accusantium doloremque laudantium, totam rem aperiam, eaque ipsa quae ab illo inventore veritatis et quasi architecto beatae vitae dicta sunt explicabo. Nemo enim ipsam voluptatem quia voluptas sit aspernatur aut odit aut fugit, sed quia consequuntur magni dolores eos qui ratione voluptatem sequi nesciunt.','EN');

INSERT INTO PRODUCT_DICTIONARY(ID, PRODUCT_ID, NAME, DESCRIPTION, LANGUAGE) 
VALUES (66, 28,'MSI flat screen 22"','Sed ut perspiciatis unde omnis iste natus error sit voluptatem accusantium doloremque laudantium, totam rem aperiam, eaque ipsa quae ab illo inventore veritatis et quasi architecto beatae vitae dicta sunt explicabo. Nemo enim ipsam voluptatem quia voluptas sit aspernatur aut odit aut fugit, sed quia consequuntur magni dolores eos qui ratione voluptatem sequi nesciunt.','EN');

INSERT INTO PRODUCT_DICTIONARY(ID, PRODUCT_ID, NAME, DESCRIPTION, LANGUAGE) 
VALUES (67, 29,'MSI flat screen 24"','Sed ut perspiciatis unde omnis iste natus error sit voluptatem accusantium doloremque laudantium, totam rem aperiam, eaque ipsa quae ab illo inventore veritatis et quasi architecto beatae vitae dicta sunt explicabo. Nemo enim ipsam voluptatem quia voluptas sit aspernatur aut odit aut fugit, sed quia consequuntur magni dolores eos qui ratione voluptatem sequi nesciunt.','EN');

INSERT INTO PRODUCT_DICTIONARY(ID, PRODUCT_ID, NAME, DESCRIPTION, LANGUAGE) 
VALUES (68, 30,'MSI flat screen 27"','Sed ut perspiciatis unde omnis iste natus error sit voluptatem accusantium doloremque laudantium, totam rem aperiam, eaque ipsa quae ab illo inventore veritatis et quasi architecto beatae vitae dicta sunt explicabo. Nemo enim ipsam voluptatem quia voluptas sit aspernatur aut odit aut fugit, sed quia consequuntur magni dolores eos qui ratione voluptatem sequi nesciunt.','EN');

INSERT INTO PRODUCT_DICTIONARY(ID, PRODUCT_ID, NAME, DESCRIPTION, LANGUAGE) 
VALUES (69, 31,'Acer Monitor 14 inches','Sed ut perspiciatis unde omnis iste natus error sit voluptatem accusantium doloremque laudantium, totam rem aperiam, eaque ipsa quae ab illo inventore veritatis et quasi architecto beatae vitae dicta sunt explicabo. Nemo enim ipsam voluptatem quia voluptas sit aspernatur aut odit aut fugit, sed quia consequuntur magni dolores eos qui ratione voluptatem sequi nesciunt.','EN');

INSERT INTO PRODUCT_DICTIONARY(ID, PRODUCT_ID, NAME, DESCRIPTION, LANGUAGE) 
VALUES (70, 32,'Acer Monitor 15 inches','Sed ut perspiciatis unde omnis iste natus error sit voluptatem accusantium doloremque laudantium, totam rem aperiam, eaque ipsa quae ab illo inventore veritatis et quasi architecto beatae vitae dicta sunt explicabo. Nemo enim ipsam voluptatem quia voluptas sit aspernatur aut odit aut fugit, sed quia consequuntur magni dolores eos qui ratione voluptatem sequi nesciunt.','EN');

INSERT INTO PRODUCT_DICTIONARY(ID, PRODUCT_ID, NAME, DESCRIPTION, LANGUAGE) 
VALUES (71, 33,'Acer ultrathin 15"','Sed ut perspiciatis unde omnis iste natus error sit voluptatem accusantium doloremque laudantium, totam rem aperiam, eaque ipsa quae ab illo inventore veritatis et quasi architecto beatae vitae dicta sunt explicabo. Nemo enim ipsam voluptatem quia voluptas sit aspernatur aut odit aut fugit, sed quia consequuntur magni dolores eos qui ratione voluptatem sequi nesciunt.','EN');

INSERT INTO PRODUCT_DICTIONARY(ID, PRODUCT_ID, NAME, DESCRIPTION, LANGUAGE) 
VALUES (72, 34,'Acer ultrathin 17"','Sed ut perspiciatis unde omnis iste natus error sit voluptatem accusantium doloremque laudantium, totam rem aperiam, eaque ipsa quae ab illo inventore veritatis et quasi architecto beatae vitae dicta sunt explicabo. Nemo enim ipsam voluptatem quia voluptas sit aspernatur aut odit aut fugit, sed quia consequuntur magni dolores eos qui ratione voluptatem sequi nesciunt.','EN');

INSERT INTO PRODUCT_DICTIONARY(ID, PRODUCT_ID, NAME, DESCRIPTION, LANGUAGE) 
VALUES (73, 35,'Philips 27 inches','Sed ut perspiciatis unde omnis iste natus error sit voluptatem accusantium doloremque laudantium, totam rem aperiam, eaque ipsa quae ab illo inventore veritatis et quasi architecto beatae vitae dicta sunt explicabo. Nemo enim ipsam voluptatem quia voluptas sit aspernatur aut odit aut fugit, sed quia consequuntur magni dolores eos qui ratione voluptatem sequi nesciunt.','EN');

INSERT INTO PRODUCT_DICTIONARY(ID, PRODUCT_ID, NAME, DESCRIPTION, LANGUAGE) 
VALUES (74, 36,'Philips 29 inches','Sed ut perspiciatis unde omnis iste natus error sit voluptatem accusantium doloremque laudantium, totam rem aperiam, eaque ipsa quae ab illo inventore veritatis et quasi architecto beatae vitae dicta sunt explicabo. Nemo enim ipsam voluptatem quia voluptas sit aspernatur aut odit aut fugit, sed quia consequuntur magni dolores eos qui ratione voluptatem sequi nesciunt.','EN');

INSERT INTO PRODUCT_DICTIONARY(ID, PRODUCT_ID, NAME, DESCRIPTION, LANGUAGE) 
VALUES (75, 37,'Philips 32 inches','Sed ut perspiciatis unde omnis iste natus error sit voluptatem accusantium doloremque laudantium, totam rem aperiam, eaque ipsa quae ab illo inventore veritatis et quasi architecto beatae vitae dicta sunt explicabo. Nemo enim ipsam voluptatem quia voluptas sit aspernatur aut odit aut fugit, sed quia consequuntur magni dolores eos qui ratione voluptatem sequi nesciunt.','EN');

INSERT INTO PRODUCT_DICTIONARY(ID, PRODUCT_ID, NAME, DESCRIPTION, LANGUAGE) 
VALUES (76, 38,'Philips 38 inches','Sed ut perspiciatis unde omnis iste natus error sit voluptatem accusantium doloremque laudantium, totam rem aperiam, eaque ipsa quae ab illo inventore veritatis et quasi architecto beatae vitae dicta sunt explicabo. Nemo enim ipsam voluptatem quia voluptas sit aspernatur aut odit aut fugit, sed quia consequuntur magni dolores eos qui ratione voluptatem sequi nesciunt.','EN');


-- SUPPLIER

INSERT INTO SUPPLIER(ID, NAME, SHIPPING_DAYS) 
VALUES (1, 'Tech Store BS',2);

INSERT INTO SUPPLIER(ID, NAME, SHIPPING_DAYS) 
VALUES (2, 'Electronic House',4);

INSERT INTO SUPPLIER(ID, NAME, SHIPPING_DAYS) 
VALUES (3, 'Tech Store MI',10);

INSERT INTO SUPPLIER(ID, NAME, SHIPPING_DAYS) 
VALUES (4, 'Mercatone Dell''informatica',5);

INSERT INTO SUPPLIER(ID, NAME, SHIPPING_DAYS) 
VALUES (5, 'Black Wave Attrezzature',5);


-- PRODUCT_SUPPLIER

INSERT INTO PRODUCT_SUPPLIER(PRODUCT_ID, SUPPLIER_ID, PRICE, AVAILABILITY) 
VALUES (1,1,150.4,7);

INSERT INTO PRODUCT_SUPPLIER(PRODUCT_ID, SUPPLIER_ID, PRICE, AVAILABILITY) 
VALUES (1,2,151.6,19);

INSERT INTO PRODUCT_SUPPLIER(PRODUCT_ID, SUPPLIER_ID, PRICE, AVAILABILITY) 
VALUES (1,3,156.64,10);

INSERT INTO PRODUCT_SUPPLIER(PRODUCT_ID, SUPPLIER_ID, PRICE, AVAILABILITY) 
VALUES (1,4,155.97,23);

INSERT INTO PRODUCT_SUPPLIER(PRODUCT_ID, SUPPLIER_ID, PRICE, AVAILABILITY) 
VALUES (1,5,151.06,10);

INSERT INTO PRODUCT_SUPPLIER(PRODUCT_ID, SUPPLIER_ID, PRICE, AVAILABILITY) 
VALUES (2,1,187.19,8);

INSERT INTO PRODUCT_SUPPLIER(PRODUCT_ID, SUPPLIER_ID, PRICE, AVAILABILITY) 
VALUES (2,2,189.81,17);

INSERT INTO PRODUCT_SUPPLIER(PRODUCT_ID, SUPPLIER_ID, PRICE, AVAILABILITY) 
VALUES (2,3,191.19,5);

INSERT INTO PRODUCT_SUPPLIER(PRODUCT_ID, SUPPLIER_ID, PRICE, AVAILABILITY) 
VALUES (2,4,186.14,11);

INSERT INTO PRODUCT_SUPPLIER(PRODUCT_ID, SUPPLIER_ID, PRICE, AVAILABILITY) 
VALUES (2,5,184.76,1);

INSERT INTO PRODUCT_SUPPLIER(PRODUCT_ID, SUPPLIER_ID, PRICE, AVAILABILITY) 
VALUES (3,1,125.81,5);

INSERT INTO PRODUCT_SUPPLIER(PRODUCT_ID, SUPPLIER_ID, PRICE, AVAILABILITY) 
VALUES (3,2,132.6,2);

INSERT INTO PRODUCT_SUPPLIER(PRODUCT_ID, SUPPLIER_ID, PRICE, AVAILABILITY) 
VALUES (3,3,129.66,20);

INSERT INTO PRODUCT_SUPPLIER(PRODUCT_ID, SUPPLIER_ID, PRICE, AVAILABILITY) 
VALUES (3,4,122.97,24);

INSERT INTO PRODUCT_SUPPLIER(PRODUCT_ID, SUPPLIER_ID, PRICE, AVAILABILITY) 
VALUES (3,5,122.54,16);

INSERT INTO PRODUCT_SUPPLIER(PRODUCT_ID, SUPPLIER_ID, PRICE, AVAILABILITY) 
VALUES (4,1,123.28,35);

INSERT INTO PRODUCT_SUPPLIER(PRODUCT_ID, SUPPLIER_ID, PRICE, AVAILABILITY) 
VALUES (4,2,126.6,43);

INSERT INTO PRODUCT_SUPPLIER(PRODUCT_ID, SUPPLIER_ID, PRICE, AVAILABILITY) 
VALUES (4,3,127.3,40);

INSERT INTO PRODUCT_SUPPLIER(PRODUCT_ID, SUPPLIER_ID, PRICE, AVAILABILITY) 
VALUES (4,4,124.19,37);

INSERT INTO PRODUCT_SUPPLIER(PRODUCT_ID, SUPPLIER_ID, PRICE, AVAILABILITY) 
VALUES (4,5,127.02,32);

INSERT INTO PRODUCT_SUPPLIER(PRODUCT_ID, SUPPLIER_ID, PRICE, AVAILABILITY) 
VALUES (5,1,13.38,51);

INSERT INTO PRODUCT_SUPPLIER(PRODUCT_ID, SUPPLIER_ID, PRICE, AVAILABILITY) 
VALUES (5,2,13.08,61);

INSERT INTO PRODUCT_SUPPLIER(PRODUCT_ID, SUPPLIER_ID, PRICE, AVAILABILITY) 
VALUES (5,3,13.57,6);

INSERT INTO PRODUCT_SUPPLIER(PRODUCT_ID, SUPPLIER_ID, PRICE, AVAILABILITY) 
VALUES (5,4,12.32,35);

INSERT INTO PRODUCT_SUPPLIER(PRODUCT_ID, SUPPLIER_ID, PRICE, AVAILABILITY) 
VALUES (5,5,10.49,10);

INSERT INTO PRODUCT_SUPPLIER(PRODUCT_ID, SUPPLIER_ID, PRICE, AVAILABILITY) 
VALUES (6,1,264.75,8);

INSERT INTO PRODUCT_SUPPLIER(PRODUCT_ID, SUPPLIER_ID, PRICE, AVAILABILITY) 
VALUES (6,2,263.34,31);

INSERT INTO PRODUCT_SUPPLIER(PRODUCT_ID, SUPPLIER_ID, PRICE, AVAILABILITY) 
VALUES (6,3,266.81,3);

INSERT INTO PRODUCT_SUPPLIER(PRODUCT_ID, SUPPLIER_ID, PRICE, AVAILABILITY) 
VALUES (6,4,264.35,28);

INSERT INTO PRODUCT_SUPPLIER(PRODUCT_ID, SUPPLIER_ID, PRICE, AVAILABILITY) 
VALUES (6,5,269.41,20);

INSERT INTO PRODUCT_SUPPLIER(PRODUCT_ID, SUPPLIER_ID, PRICE, AVAILABILITY) 
VALUES (7,1,284.04,21);

INSERT INTO PRODUCT_SUPPLIER(PRODUCT_ID, SUPPLIER_ID, PRICE, AVAILABILITY) 
VALUES (7,2,284.29,6);

INSERT INTO PRODUCT_SUPPLIER(PRODUCT_ID, SUPPLIER_ID, PRICE, AVAILABILITY) 
VALUES (7,3,284.47,23);

INSERT INTO PRODUCT_SUPPLIER(PRODUCT_ID, SUPPLIER_ID, PRICE, AVAILABILITY) 
VALUES (7,4,284.13,39);

INSERT INTO PRODUCT_SUPPLIER(PRODUCT_ID, SUPPLIER_ID, PRICE, AVAILABILITY) 
VALUES (7,5,284.38,46);

INSERT INTO PRODUCT_SUPPLIER(PRODUCT_ID, SUPPLIER_ID, PRICE, AVAILABILITY) 
VALUES (8,1,209.41,18);

INSERT INTO PRODUCT_SUPPLIER(PRODUCT_ID, SUPPLIER_ID, PRICE, AVAILABILITY) 
VALUES (8,2,207.11,18);

INSERT INTO PRODUCT_SUPPLIER(PRODUCT_ID, SUPPLIER_ID, PRICE, AVAILABILITY) 
VALUES (8,3,208.63,3);

INSERT INTO PRODUCT_SUPPLIER(PRODUCT_ID, SUPPLIER_ID, PRICE, AVAILABILITY) 
VALUES (8,4,205.09,26);

INSERT INTO PRODUCT_SUPPLIER(PRODUCT_ID, SUPPLIER_ID, PRICE, AVAILABILITY) 
VALUES (8,5,199.54,10);

INSERT INTO PRODUCT_SUPPLIER(PRODUCT_ID, SUPPLIER_ID, PRICE, AVAILABILITY) 
VALUES (9,1,213.68,8);

INSERT INTO PRODUCT_SUPPLIER(PRODUCT_ID, SUPPLIER_ID, PRICE, AVAILABILITY) 
VALUES (9,2,213.56,18);

INSERT INTO PRODUCT_SUPPLIER(PRODUCT_ID, SUPPLIER_ID, PRICE, AVAILABILITY) 
VALUES (9,3,216.59,3);

INSERT INTO PRODUCT_SUPPLIER(PRODUCT_ID, SUPPLIER_ID, PRICE, AVAILABILITY) 
VALUES (9,4,216.07,70);

INSERT INTO PRODUCT_SUPPLIER(PRODUCT_ID, SUPPLIER_ID, PRICE, AVAILABILITY) 
VALUES (9,5,216.46,24);

INSERT INTO PRODUCT_SUPPLIER(PRODUCT_ID, SUPPLIER_ID, PRICE, AVAILABILITY) 
VALUES (10,1,56.92,15);

INSERT INTO PRODUCT_SUPPLIER(PRODUCT_ID, SUPPLIER_ID, PRICE, AVAILABILITY) 
VALUES (10,2,52.52,4);

INSERT INTO PRODUCT_SUPPLIER(PRODUCT_ID, SUPPLIER_ID, PRICE, AVAILABILITY) 
VALUES (10,3,60.81,23);

INSERT INTO PRODUCT_SUPPLIER(PRODUCT_ID, SUPPLIER_ID, PRICE, AVAILABILITY) 
VALUES (10,4,55.92,12);

INSERT INTO PRODUCT_SUPPLIER(PRODUCT_ID, SUPPLIER_ID, PRICE, AVAILABILITY) 
VALUES (10,5,53.82,7);

INSERT INTO PRODUCT_SUPPLIER(PRODUCT_ID, SUPPLIER_ID, PRICE, AVAILABILITY) 
VALUES (11,1,160.7,56);

INSERT INTO PRODUCT_SUPPLIER(PRODUCT_ID, SUPPLIER_ID, PRICE, AVAILABILITY) 
VALUES (11,2,161.71,72);

INSERT INTO PRODUCT_SUPPLIER(PRODUCT_ID, SUPPLIER_ID, PRICE, AVAILABILITY) 
VALUES (11,3,159.87,63);

INSERT INTO PRODUCT_SUPPLIER(PRODUCT_ID, SUPPLIER_ID, PRICE, AVAILABILITY) 
VALUES (11,4,162.49,38);

INSERT INTO PRODUCT_SUPPLIER(PRODUCT_ID, SUPPLIER_ID, PRICE, AVAILABILITY) 
VALUES (11,5,162.82,13);

INSERT INTO PRODUCT_SUPPLIER(PRODUCT_ID, SUPPLIER_ID, PRICE, AVAILABILITY) 
VALUES (12,1,75.41,29);

INSERT INTO PRODUCT_SUPPLIER(PRODUCT_ID, SUPPLIER_ID, PRICE, AVAILABILITY) 
VALUES (12,2,85.13,3);

INSERT INTO PRODUCT_SUPPLIER(PRODUCT_ID, SUPPLIER_ID, PRICE, AVAILABILITY) 
VALUES (12,3,81.56,41);

INSERT INTO PRODUCT_SUPPLIER(PRODUCT_ID, SUPPLIER_ID, PRICE, AVAILABILITY) 
VALUES (12,4,77.61,11);

INSERT INTO PRODUCT_SUPPLIER(PRODUCT_ID, SUPPLIER_ID, PRICE, AVAILABILITY) 
VALUES (12,5,81.51,3);

INSERT INTO PRODUCT_SUPPLIER(PRODUCT_ID, SUPPLIER_ID, PRICE, AVAILABILITY) 
VALUES (13,1,14.19,38);

INSERT INTO PRODUCT_SUPPLIER(PRODUCT_ID, SUPPLIER_ID, PRICE, AVAILABILITY) 
VALUES (13,2,13.56,21);

INSERT INTO PRODUCT_SUPPLIER(PRODUCT_ID, SUPPLIER_ID, PRICE, AVAILABILITY) 
VALUES (13,3,13.72,6);

INSERT INTO PRODUCT_SUPPLIER(PRODUCT_ID, SUPPLIER_ID, PRICE, AVAILABILITY) 
VALUES (13,4,13.07,21);

INSERT INTO PRODUCT_SUPPLIER(PRODUCT_ID, SUPPLIER_ID, PRICE, AVAILABILITY) 
VALUES (13,5,15.95,27);

INSERT INTO PRODUCT_SUPPLIER(PRODUCT_ID, SUPPLIER_ID, PRICE, AVAILABILITY) 
VALUES (14,1,123.86,41);

INSERT INTO PRODUCT_SUPPLIER(PRODUCT_ID, SUPPLIER_ID, PRICE, AVAILABILITY) 
VALUES (14,2,122.93,13);

INSERT INTO PRODUCT_SUPPLIER(PRODUCT_ID, SUPPLIER_ID, PRICE, AVAILABILITY) 
VALUES (14,3,123.06,31);

INSERT INTO PRODUCT_SUPPLIER(PRODUCT_ID, SUPPLIER_ID, PRICE, AVAILABILITY) 
VALUES (14,4,123.66,37);

INSERT INTO PRODUCT_SUPPLIER(PRODUCT_ID, SUPPLIER_ID, PRICE, AVAILABILITY) 
VALUES (14,5,122.45,21);

INSERT INTO PRODUCT_SUPPLIER(PRODUCT_ID, SUPPLIER_ID, PRICE, AVAILABILITY) 
VALUES (15,1,189.42,15);

INSERT INTO PRODUCT_SUPPLIER(PRODUCT_ID, SUPPLIER_ID, PRICE, AVAILABILITY) 
VALUES (15,2,189.84,7);

INSERT INTO PRODUCT_SUPPLIER(PRODUCT_ID, SUPPLIER_ID, PRICE, AVAILABILITY) 
VALUES (15,3,188.76,3);

INSERT INTO PRODUCT_SUPPLIER(PRODUCT_ID, SUPPLIER_ID, PRICE, AVAILABILITY) 
VALUES (15,4,189.17,18);

INSERT INTO PRODUCT_SUPPLIER(PRODUCT_ID, SUPPLIER_ID, PRICE, AVAILABILITY) 
VALUES (15,5,188.97,6);

INSERT INTO PRODUCT_SUPPLIER(PRODUCT_ID, SUPPLIER_ID, PRICE, AVAILABILITY) 
VALUES (16,1,96.18,68);

INSERT INTO PRODUCT_SUPPLIER(PRODUCT_ID, SUPPLIER_ID, PRICE, AVAILABILITY) 
VALUES (16,2,99.37,22);

INSERT INTO PRODUCT_SUPPLIER(PRODUCT_ID, SUPPLIER_ID, PRICE, AVAILABILITY) 
VALUES (16,3,102.87,28);

INSERT INTO PRODUCT_SUPPLIER(PRODUCT_ID, SUPPLIER_ID, PRICE, AVAILABILITY) 
VALUES (16,4,92.56,1);

INSERT INTO PRODUCT_SUPPLIER(PRODUCT_ID, SUPPLIER_ID, PRICE, AVAILABILITY) 
VALUES (16,5,97.53,43);

INSERT INTO PRODUCT_SUPPLIER(PRODUCT_ID, SUPPLIER_ID, PRICE, AVAILABILITY) 
VALUES (17,1,119.13,16);

INSERT INTO PRODUCT_SUPPLIER(PRODUCT_ID, SUPPLIER_ID, PRICE, AVAILABILITY) 
VALUES (17,2,122.47,26);

INSERT INTO PRODUCT_SUPPLIER(PRODUCT_ID, SUPPLIER_ID, PRICE, AVAILABILITY) 
VALUES (17,3,127.92,39);

INSERT INTO PRODUCT_SUPPLIER(PRODUCT_ID, SUPPLIER_ID, PRICE, AVAILABILITY) 
VALUES (17,4,129.62,47);

INSERT INTO PRODUCT_SUPPLIER(PRODUCT_ID, SUPPLIER_ID, PRICE, AVAILABILITY) 
VALUES (17,5,126.06,17);

INSERT INTO PRODUCT_SUPPLIER(PRODUCT_ID, SUPPLIER_ID, PRICE, AVAILABILITY) 
VALUES (18,1,299.02,16);

INSERT INTO PRODUCT_SUPPLIER(PRODUCT_ID, SUPPLIER_ID, PRICE, AVAILABILITY) 
VALUES (18,2,295.67,24);

INSERT INTO PRODUCT_SUPPLIER(PRODUCT_ID, SUPPLIER_ID, PRICE, AVAILABILITY) 
VALUES (18,3,302.73,17);

INSERT INTO PRODUCT_SUPPLIER(PRODUCT_ID, SUPPLIER_ID, PRICE, AVAILABILITY) 
VALUES (18,4,295.89,14);

INSERT INTO PRODUCT_SUPPLIER(PRODUCT_ID, SUPPLIER_ID, PRICE, AVAILABILITY) 
VALUES (18,5,291.52,2);

INSERT INTO PRODUCT_SUPPLIER(PRODUCT_ID, SUPPLIER_ID, PRICE, AVAILABILITY) 
VALUES (19,1,286.54,19);

INSERT INTO PRODUCT_SUPPLIER(PRODUCT_ID, SUPPLIER_ID, PRICE, AVAILABILITY) 
VALUES (19,2,289.87,49);

INSERT INTO PRODUCT_SUPPLIER(PRODUCT_ID, SUPPLIER_ID, PRICE, AVAILABILITY) 
VALUES (19,3,290.93,17);

INSERT INTO PRODUCT_SUPPLIER(PRODUCT_ID, SUPPLIER_ID, PRICE, AVAILABILITY) 
VALUES (19,4,289.99,42);

INSERT INTO PRODUCT_SUPPLIER(PRODUCT_ID, SUPPLIER_ID, PRICE, AVAILABILITY) 
VALUES (19,5,286.03,19);

INSERT INTO PRODUCT_SUPPLIER(PRODUCT_ID, SUPPLIER_ID, PRICE, AVAILABILITY) 
VALUES (20,1,204.62,74);

INSERT INTO PRODUCT_SUPPLIER(PRODUCT_ID, SUPPLIER_ID, PRICE, AVAILABILITY) 
VALUES (20,2,204.49,85);

INSERT INTO PRODUCT_SUPPLIER(PRODUCT_ID, SUPPLIER_ID, PRICE, AVAILABILITY) 
VALUES (20,3,199.76,5);

INSERT INTO PRODUCT_SUPPLIER(PRODUCT_ID, SUPPLIER_ID, PRICE, AVAILABILITY) 
VALUES (20,4,210.61,24);

INSERT INTO PRODUCT_SUPPLIER(PRODUCT_ID, SUPPLIER_ID, PRICE, AVAILABILITY) 
VALUES (20,5,207.72,55);

INSERT INTO PRODUCT_SUPPLIER(PRODUCT_ID, SUPPLIER_ID, PRICE, AVAILABILITY) 
VALUES (21,1,146.24,21);

INSERT INTO PRODUCT_SUPPLIER(PRODUCT_ID, SUPPLIER_ID, PRICE, AVAILABILITY) 
VALUES (21,2,151.14,31);

INSERT INTO PRODUCT_SUPPLIER(PRODUCT_ID, SUPPLIER_ID, PRICE, AVAILABILITY) 
VALUES (21,3,161.24,19);

INSERT INTO PRODUCT_SUPPLIER(PRODUCT_ID, SUPPLIER_ID, PRICE, AVAILABILITY) 
VALUES (21,4,159.2,13);

INSERT INTO PRODUCT_SUPPLIER(PRODUCT_ID, SUPPLIER_ID, PRICE, AVAILABILITY) 
VALUES (21,5,159.62,3);

INSERT INTO PRODUCT_SUPPLIER(PRODUCT_ID, SUPPLIER_ID, PRICE, AVAILABILITY) 
VALUES (22,1,229.56,32);

INSERT INTO PRODUCT_SUPPLIER(PRODUCT_ID, SUPPLIER_ID, PRICE, AVAILABILITY) 
VALUES (22,2,228.23,60);

INSERT INTO PRODUCT_SUPPLIER(PRODUCT_ID, SUPPLIER_ID, PRICE, AVAILABILITY) 
VALUES (22,3,229.67,58);

INSERT INTO PRODUCT_SUPPLIER(PRODUCT_ID, SUPPLIER_ID, PRICE, AVAILABILITY) 
VALUES (22,4,225.18,67);

INSERT INTO PRODUCT_SUPPLIER(PRODUCT_ID, SUPPLIER_ID, PRICE, AVAILABILITY) 
VALUES (22,5,229.36,54);

INSERT INTO PRODUCT_SUPPLIER(PRODUCT_ID, SUPPLIER_ID, PRICE, AVAILABILITY) 
VALUES (23,1,126.78,2);

INSERT INTO PRODUCT_SUPPLIER(PRODUCT_ID, SUPPLIER_ID, PRICE, AVAILABILITY) 
VALUES (23,2,126.27,19);

INSERT INTO PRODUCT_SUPPLIER(PRODUCT_ID, SUPPLIER_ID, PRICE, AVAILABILITY) 
VALUES (23,3,125.53,63);

INSERT INTO PRODUCT_SUPPLIER(PRODUCT_ID, SUPPLIER_ID, PRICE, AVAILABILITY) 
VALUES (23,4,124.91,28);

INSERT INTO PRODUCT_SUPPLIER(PRODUCT_ID, SUPPLIER_ID, PRICE, AVAILABILITY) 
VALUES (23,5,126.54,64);

INSERT INTO PRODUCT_SUPPLIER(PRODUCT_ID, SUPPLIER_ID, PRICE, AVAILABILITY) 
VALUES (24,1,204.66,13);

INSERT INTO PRODUCT_SUPPLIER(PRODUCT_ID, SUPPLIER_ID, PRICE, AVAILABILITY) 
VALUES (24,2,218.78,2);

INSERT INTO PRODUCT_SUPPLIER(PRODUCT_ID, SUPPLIER_ID, PRICE, AVAILABILITY) 
VALUES (24,3,206.86,5);

INSERT INTO PRODUCT_SUPPLIER(PRODUCT_ID, SUPPLIER_ID, PRICE, AVAILABILITY) 
VALUES (24,4,207.5,49);

INSERT INTO PRODUCT_SUPPLIER(PRODUCT_ID, SUPPLIER_ID, PRICE, AVAILABILITY) 
VALUES (24,5,204.43,12);

INSERT INTO PRODUCT_SUPPLIER(PRODUCT_ID, SUPPLIER_ID, PRICE, AVAILABILITY) 
VALUES (25,1,118.3,0);

INSERT INTO PRODUCT_SUPPLIER(PRODUCT_ID, SUPPLIER_ID, PRICE, AVAILABILITY) 
VALUES (25,2,122.13,1);

INSERT INTO PRODUCT_SUPPLIER(PRODUCT_ID, SUPPLIER_ID, PRICE, AVAILABILITY) 
VALUES (25,3,114.96,1);

INSERT INTO PRODUCT_SUPPLIER(PRODUCT_ID, SUPPLIER_ID, PRICE, AVAILABILITY) 
VALUES (25,4,114.33,0);

INSERT INTO PRODUCT_SUPPLIER(PRODUCT_ID, SUPPLIER_ID, PRICE, AVAILABILITY) 
VALUES (25,5,126.68,0);

INSERT INTO PRODUCT_SUPPLIER(PRODUCT_ID, SUPPLIER_ID, PRICE, AVAILABILITY) 
VALUES (26,1,298.47,19);

INSERT INTO PRODUCT_SUPPLIER(PRODUCT_ID, SUPPLIER_ID, PRICE, AVAILABILITY) 
VALUES (26,2,296.87,35);

INSERT INTO PRODUCT_SUPPLIER(PRODUCT_ID, SUPPLIER_ID, PRICE, AVAILABILITY) 
VALUES (26,3,295.73,37);

INSERT INTO PRODUCT_SUPPLIER(PRODUCT_ID, SUPPLIER_ID, PRICE, AVAILABILITY) 
VALUES (26,4,296.66,17);

INSERT INTO PRODUCT_SUPPLIER(PRODUCT_ID, SUPPLIER_ID, PRICE, AVAILABILITY) 
VALUES (26,5,297,41);

INSERT INTO PRODUCT_SUPPLIER(PRODUCT_ID, SUPPLIER_ID, PRICE, AVAILABILITY) 
VALUES (27,1,207.27,7);

INSERT INTO PRODUCT_SUPPLIER(PRODUCT_ID, SUPPLIER_ID, PRICE, AVAILABILITY) 
VALUES (27,2,199.51,9);

INSERT INTO PRODUCT_SUPPLIER(PRODUCT_ID, SUPPLIER_ID, PRICE, AVAILABILITY) 
VALUES (27,3,204.64,4);

INSERT INTO PRODUCT_SUPPLIER(PRODUCT_ID, SUPPLIER_ID, PRICE, AVAILABILITY) 
VALUES (27,4,196.79,9);

INSERT INTO PRODUCT_SUPPLIER(PRODUCT_ID, SUPPLIER_ID, PRICE, AVAILABILITY) 
VALUES (27,5,208.71,5);

INSERT INTO PRODUCT_SUPPLIER(PRODUCT_ID, SUPPLIER_ID, PRICE, AVAILABILITY) 
VALUES (28,1,201.29,24);

INSERT INTO PRODUCT_SUPPLIER(PRODUCT_ID, SUPPLIER_ID, PRICE, AVAILABILITY) 
VALUES (28,2,210.41,36);

INSERT INTO PRODUCT_SUPPLIER(PRODUCT_ID, SUPPLIER_ID, PRICE, AVAILABILITY) 
VALUES (28,3,207.73,50);

INSERT INTO PRODUCT_SUPPLIER(PRODUCT_ID, SUPPLIER_ID, PRICE, AVAILABILITY) 
VALUES (28,4,208.38,2);

INSERT INTO PRODUCT_SUPPLIER(PRODUCT_ID, SUPPLIER_ID, PRICE, AVAILABILITY) 
VALUES (28,5,213.46,27);

INSERT INTO PRODUCT_SUPPLIER(PRODUCT_ID, SUPPLIER_ID, PRICE, AVAILABILITY) 
VALUES (29,1,68.71,27);

INSERT INTO PRODUCT_SUPPLIER(PRODUCT_ID, SUPPLIER_ID, PRICE, AVAILABILITY) 
VALUES (29,2,74.21,36);

INSERT INTO PRODUCT_SUPPLIER(PRODUCT_ID, SUPPLIER_ID, PRICE, AVAILABILITY) 
VALUES (29,3,60.72,11);

INSERT INTO PRODUCT_SUPPLIER(PRODUCT_ID, SUPPLIER_ID, PRICE, AVAILABILITY) 
VALUES (29,4,73.61,0);

INSERT INTO PRODUCT_SUPPLIER(PRODUCT_ID, SUPPLIER_ID, PRICE, AVAILABILITY) 
VALUES (29,5,66.79,8);

INSERT INTO PRODUCT_SUPPLIER(PRODUCT_ID, SUPPLIER_ID, PRICE, AVAILABILITY) 
VALUES (30,1,11.36,1);

INSERT INTO PRODUCT_SUPPLIER(PRODUCT_ID, SUPPLIER_ID, PRICE, AVAILABILITY) 
VALUES (30,2,8.59,1);

INSERT INTO PRODUCT_SUPPLIER(PRODUCT_ID, SUPPLIER_ID, PRICE, AVAILABILITY) 
VALUES (30,3,6.39,0);

INSERT INTO PRODUCT_SUPPLIER(PRODUCT_ID, SUPPLIER_ID, PRICE, AVAILABILITY) 
VALUES (30,4,11.74,1);

INSERT INTO PRODUCT_SUPPLIER(PRODUCT_ID, SUPPLIER_ID, PRICE, AVAILABILITY) 
VALUES (30,5,11.3,0);

INSERT INTO PRODUCT_SUPPLIER(PRODUCT_ID, SUPPLIER_ID, PRICE, AVAILABILITY) 
VALUES (31,1,139.93,18);

INSERT INTO PRODUCT_SUPPLIER(PRODUCT_ID, SUPPLIER_ID, PRICE, AVAILABILITY) 
VALUES (31,2,147.78,2);

INSERT INTO PRODUCT_SUPPLIER(PRODUCT_ID, SUPPLIER_ID, PRICE, AVAILABILITY) 
VALUES (31,3,150.28,28);

INSERT INTO PRODUCT_SUPPLIER(PRODUCT_ID, SUPPLIER_ID, PRICE, AVAILABILITY) 
VALUES (31,4,147.68,16);

INSERT INTO PRODUCT_SUPPLIER(PRODUCT_ID, SUPPLIER_ID, PRICE, AVAILABILITY) 
VALUES (31,5,150.52,24);

INSERT INTO PRODUCT_SUPPLIER(PRODUCT_ID, SUPPLIER_ID, PRICE, AVAILABILITY) 
VALUES (32,1,167.1,0);

INSERT INTO PRODUCT_SUPPLIER(PRODUCT_ID, SUPPLIER_ID, PRICE, AVAILABILITY) 
VALUES (32,2,173.88,1);

INSERT INTO PRODUCT_SUPPLIER(PRODUCT_ID, SUPPLIER_ID, PRICE, AVAILABILITY) 
VALUES (32,3,173.76,2);

INSERT INTO PRODUCT_SUPPLIER(PRODUCT_ID, SUPPLIER_ID, PRICE, AVAILABILITY) 
VALUES (32,4,164.2,1);

INSERT INTO PRODUCT_SUPPLIER(PRODUCT_ID, SUPPLIER_ID, PRICE, AVAILABILITY) 
VALUES (32,5,167.43,1);

INSERT INTO PRODUCT_SUPPLIER(PRODUCT_ID, SUPPLIER_ID, PRICE, AVAILABILITY) 
VALUES (33,1,294.53,74);

INSERT INTO PRODUCT_SUPPLIER(PRODUCT_ID, SUPPLIER_ID, PRICE, AVAILABILITY) 
VALUES (33,2,297.63,86);

INSERT INTO PRODUCT_SUPPLIER(PRODUCT_ID, SUPPLIER_ID, PRICE, AVAILABILITY) 
VALUES (33,3,298.03,29);

INSERT INTO PRODUCT_SUPPLIER(PRODUCT_ID, SUPPLIER_ID, PRICE, AVAILABILITY) 
VALUES (33,4,298.08,96);

INSERT INTO PRODUCT_SUPPLIER(PRODUCT_ID, SUPPLIER_ID, PRICE, AVAILABILITY) 
VALUES (33,5,294.03,65);

INSERT INTO PRODUCT_SUPPLIER(PRODUCT_ID, SUPPLIER_ID, PRICE, AVAILABILITY) 
VALUES (34,1,84.85,22);

INSERT INTO PRODUCT_SUPPLIER(PRODUCT_ID, SUPPLIER_ID, PRICE, AVAILABILITY) 
VALUES (34,2,87.78,8);

INSERT INTO PRODUCT_SUPPLIER(PRODUCT_ID, SUPPLIER_ID, PRICE, AVAILABILITY) 
VALUES (34,3,84.19,16);

INSERT INTO PRODUCT_SUPPLIER(PRODUCT_ID, SUPPLIER_ID, PRICE, AVAILABILITY) 
VALUES (34,4,89.68,6);

INSERT INTO PRODUCT_SUPPLIER(PRODUCT_ID, SUPPLIER_ID, PRICE, AVAILABILITY) 
VALUES (34,5,88.72,1);

INSERT INTO PRODUCT_SUPPLIER(PRODUCT_ID, SUPPLIER_ID, PRICE, AVAILABILITY) 
VALUES (35,1,271.03,19);

INSERT INTO PRODUCT_SUPPLIER(PRODUCT_ID, SUPPLIER_ID, PRICE, AVAILABILITY) 
VALUES (35,2,268.9,5);

INSERT INTO PRODUCT_SUPPLIER(PRODUCT_ID, SUPPLIER_ID, PRICE, AVAILABILITY) 
VALUES (35,3,261.32,15);

INSERT INTO PRODUCT_SUPPLIER(PRODUCT_ID, SUPPLIER_ID, PRICE, AVAILABILITY) 
VALUES (35,4,258.82,25);

INSERT INTO PRODUCT_SUPPLIER(PRODUCT_ID, SUPPLIER_ID, PRICE, AVAILABILITY) 
VALUES (35,5,266.94,7);

INSERT INTO PRODUCT_SUPPLIER(PRODUCT_ID, SUPPLIER_ID, PRICE, AVAILABILITY) 
VALUES (36,1,65.75,32);

INSERT INTO PRODUCT_SUPPLIER(PRODUCT_ID, SUPPLIER_ID, PRICE, AVAILABILITY) 
VALUES (36,2,64.71,41);

INSERT INTO PRODUCT_SUPPLIER(PRODUCT_ID, SUPPLIER_ID, PRICE, AVAILABILITY) 
VALUES (36,3,64.46,15);

INSERT INTO PRODUCT_SUPPLIER(PRODUCT_ID, SUPPLIER_ID, PRICE, AVAILABILITY) 
VALUES (36,4,66.4,31);

INSERT INTO PRODUCT_SUPPLIER(PRODUCT_ID, SUPPLIER_ID, PRICE, AVAILABILITY) 
VALUES (36,5,66.03,34);

INSERT INTO PRODUCT_SUPPLIER(PRODUCT_ID, SUPPLIER_ID, PRICE, AVAILABILITY) 
VALUES (37,1,68.42,56);

INSERT INTO PRODUCT_SUPPLIER(PRODUCT_ID, SUPPLIER_ID, PRICE, AVAILABILITY) 
VALUES (37,2,71.29,19);

INSERT INTO PRODUCT_SUPPLIER(PRODUCT_ID, SUPPLIER_ID, PRICE, AVAILABILITY) 
VALUES (37,3,69.54,43);

INSERT INTO PRODUCT_SUPPLIER(PRODUCT_ID, SUPPLIER_ID, PRICE, AVAILABILITY) 
VALUES (37,4,68.24,59);

INSERT INTO PRODUCT_SUPPLIER(PRODUCT_ID, SUPPLIER_ID, PRICE, AVAILABILITY) 
VALUES (37,5,73.85,57);

INSERT INTO PRODUCT_SUPPLIER(PRODUCT_ID, SUPPLIER_ID, PRICE, AVAILABILITY) 
VALUES (38,1,141.93,48);

INSERT INTO PRODUCT_SUPPLIER(PRODUCT_ID, SUPPLIER_ID, PRICE, AVAILABILITY) 
VALUES (38,2,152.63,2);

INSERT INTO PRODUCT_SUPPLIER(PRODUCT_ID, SUPPLIER_ID, PRICE, AVAILABILITY) 
VALUES (38,3,141.26,12);

INSERT INTO PRODUCT_SUPPLIER(PRODUCT_ID, SUPPLIER_ID, PRICE, AVAILABILITY) 
VALUES (38,4,137.42,27);

INSERT INTO PRODUCT_SUPPLIER(PRODUCT_ID, SUPPLIER_ID, PRICE, AVAILABILITY) 
VALUES (38,5,137.46,49);


-- DISCOUNT

INSERT INTO DISCOUNT(ID, SUPPLIER_ID, DATE_FROM, DATE_TO, PRICE_RANGE_FROM, PRICE_RANGE_TO, MIN_PIECE_DISCOUNT, PERCENTAGE) 
VALUES (1,1,'2023-01-01','2099-12-31', 799.99, NULL, NULL, 5.00);

INSERT INTO DISCOUNT(ID, SUPPLIER_ID, DATE_FROM, DATE_TO, PRICE_RANGE_FROM, PRICE_RANGE_TO, MIN_PIECE_DISCOUNT, PERCENTAGE) 
VALUES (2,1,'2023-01-01','2099-12-31', 799.99, NULL, 30, 10.00);

INSERT INTO DISCOUNT(ID, SUPPLIER_ID, DATE_FROM, DATE_TO, PRICE_RANGE_FROM, PRICE_RANGE_TO, MIN_PIECE_DISCOUNT, PERCENTAGE) 
VALUES (3,2,'2023-01-01','2099-12-31', 799.99, NULL, NULL, 5.00);

INSERT INTO DISCOUNT(ID, SUPPLIER_ID, DATE_FROM, DATE_TO, PRICE_RANGE_FROM, PRICE_RANGE_TO, MIN_PIECE_DISCOUNT, PERCENTAGE) 
VALUES (4,2,'2023-12-01','2023-12-31', 1000.00, NULL, NULL, 12.50);

INSERT INTO DISCOUNT(ID, SUPPLIER_ID, DATE_FROM, DATE_TO, PRICE_RANGE_FROM, PRICE_RANGE_TO, MIN_PIECE_DISCOUNT, PERCENTAGE) 
VALUES (5,3,'2023-12-01','2023-12-31', NULL, NULL, 20, 7.50);

INSERT INTO DISCOUNT(ID, SUPPLIER_ID, DATE_FROM, DATE_TO, PRICE_RANGE_FROM, PRICE_RANGE_TO, MIN_PIECE_DISCOUNT, PERCENTAGE) 
VALUES (6,3,'2023-01-01','2099-12-31', NULL, NULL, 20, 3.00);

INSERT INTO DISCOUNT(ID, SUPPLIER_ID, DATE_FROM, DATE_TO, PRICE_RANGE_FROM, PRICE_RANGE_TO, MIN_PIECE_DISCOUNT, PERCENTAGE) 
VALUES (7,4,'2023-01-01','2099-12-31', 500.00, 1000.00, NULL, 5.00);

INSERT INTO DISCOUNT(ID, SUPPLIER_ID, DATE_FROM, DATE_TO, PRICE_RANGE_FROM, PRICE_RANGE_TO, MIN_PIECE_DISCOUNT, PERCENTAGE) 
VALUES (8,4,'2023-01-01','2099-12-31', 1000.00, 1500.00, NULL, 10.00);

INSERT INTO DISCOUNT(ID, SUPPLIER_ID, DATE_FROM, DATE_TO, PRICE_RANGE_FROM, PRICE_RANGE_TO, MIN_PIECE_DISCOUNT, PERCENTAGE) 
VALUES (9,4,'2023-01-01','2099-12-31', 1500.00, NULL, NULL, 20.00);

INSERT INTO DISCOUNT(ID, SUPPLIER_ID, DATE_FROM, DATE_TO, PRICE_RANGE_FROM, PRICE_RANGE_TO, MIN_PIECE_DISCOUNT, PERCENTAGE) 
VALUES (10,5,'2023-01-01','2099-12-31', NULL, NULL, NULL, 2.50);

INSERT INTO DISCOUNT(ID, SUPPLIER_ID, DATE_FROM, DATE_TO, PRICE_RANGE_FROM, PRICE_RANGE_TO, MIN_PIECE_DISCOUNT, PERCENTAGE) 
VALUES (11,5,'2023-12-24','2023-12-24', NULL, NULL, NULL, 50.00);
